{
	"credit": "Made with Blockbench",
	"texture_size": [32, 32],
	"textures": {
		"0": "glorious:item/hats/quest",
		"particle": "glorious:item/hats/quest"
	},
	"elements": [
		{
			"name": "console",
			"from": [1, 2.25, 4],
			"to": [4, 7.25, 12],
			"faces": {
				"north": {"uv": [7, 9, 8.5, 11.5], "texture": "#0"},
				"east": {"uv": [0, 0, 5, 2.5], "texture": "#0"},
				"south": {"uv": [8.5, 9, 10, 11.5], "texture": "#0"},
				"west": {"uv": [0, 2.5, 5, 5], "texture": "#0"},
				"up": {"uv": [6.5, 7.5, 5, 2.5], "texture": "#0"},
				"down": {"uv": [8, 2.5, 6.5, 7.5], "texture": "#0"}
			}
		},
		{
			"name": "console",
			"from": [0.75, 2.5, 4.25],
			"to": [3.5, 7, 11.75],
			"faces": {
				"north": {"uv": [10, 0, 11.5, 2.5], "texture": "#0"},
				"east": {"uv": [0, 5, 5, 7.5], "texture": "#0"},
				"south": {"uv": [3, 10, 4.5, 12.5], "texture": "#0"},
				"west": {"uv": [5, 0, 10, 2.5], "texture": "#0"},
				"up": {"uv": [1.5, 12.5, 0, 7.5], "texture": "#0"},
				"down": {"uv": [3, 7.5, 1.5, 12.5], "texture": "#0"}
			}
		},
		{
			"name": "left strap",
			"from": [2, 3.75, 12],
			"to": [12.5, 5.75, 12.5],
			"faces": {
				"north": {"uv": [8, 2.5, 12.5, 3.5], "texture": "#0"},
				"east": {"uv": [8.5, 11.5, 9, 12.5], "texture": "#0"},
				"south": {"uv": [8, 3.5, 12.5, 4.5], "texture": "#0"},
				"west": {"uv": [9, 11.5, 9.5, 12.5], "texture": "#0"},
				"up": {"uv": [14.5, 9.5, 10, 9], "texture": "#0"},
				"down": {"uv": [14.5, 9.5, 10, 10], "texture": "#0"}
			}
		},
		{
			"name": "right strap",
			"from": [2, 3.75, 3.5],
			"to": [12.5, 5.75, 4],
			"faces": {
				"north": {"uv": [8, 4.5, 12.5, 5.5], "texture": "#0"},
				"east": {"uv": [9.5, 11.5, 10, 12.5], "texture": "#0"},
				"south": {"uv": [8, 5.5, 12.5, 6.5], "texture": "#0"},
				"west": {"uv": [10, 11.5, 10.5, 12.5], "texture": "#0"},
				"up": {"uv": [15.5, 8, 11, 7.5], "texture": "#0"},
				"down": {"uv": [15.5, 8, 11, 8.5], "texture": "#0"}
			}
		},
		{
			"name": "back strap H",
			"from": [12, 3.75, 4],
			"to": [12.5, 5.75, 12],
			"faces": {
				"north": {"uv": [11.5, 10, 12, 11], "texture": "#0"},
				"east": {"uv": [8, 6.5, 12, 7.5], "texture": "#0"},
				"south": {"uv": [10.5, 11.5, 11, 12.5], "texture": "#0"},
				"west": {"uv": [3, 9, 7, 10], "texture": "#0"},
				"up": {"uv": [6.5, 14, 6, 10], "texture": "#0"},
				"down": {"uv": [7, 10, 6.5, 14], "texture": "#0"}
			}
		},
		{
			"name": "back strap V",
			"from": [12, 5.75, 6.25],
			"to": [12.25, 8.25, 9.5],
			"faces": {
				"north": {"uv": [5.5, 11.5, 6, 13], "texture": "#0"},
				"east": {"uv": [4.5, 10, 6, 11.5], "texture": "#0"},
				"south": {"uv": [7, 11.5, 7.5, 13], "texture": "#0"},
				"west": {"uv": [10, 10, 11.5, 11.5], "texture": "#0"},
				"up": {"uv": [8, 13, 7.5, 11.5], "texture": "#0"},
				"down": {"uv": [8.5, 11.5, 8, 13], "texture": "#0"}
			}
		},
		{
			"name": "top strap",
			"from": [3, 8, 6.25],
			"to": [12, 8.25, 9.5],
			"faces": {
				"north": {"uv": [11, 8.5, 15, 9], "texture": "#0"},
				"east": {"uv": [11.5, 1.5, 13, 2], "texture": "#0"},
				"south": {"uv": [11.5, 0, 15.5, 0.5], "texture": "#0"},
				"west": {"uv": [11.5, 2, 13, 2.5], "texture": "#0"},
				"up": {"uv": [7, 9, 3, 7.5], "texture": "#0"},
				"down": {"uv": [11, 7.5, 7, 9], "texture": "#0"}
			}
		},
		{
			"name": "front strap",
			"from": [2.75, 7.25, 6.25],
			"to": [3, 8.25, 9.5],
			"faces": {
				"north": {"uv": [11, 11.5, 11.5, 12], "texture": "#0"},
				"east": {"uv": [11.5, 0.5, 13, 1], "texture": "#0"},
				"south": {"uv": [11.5, 11, 12, 11.5], "texture": "#0"},
				"west": {"uv": [11.5, 1, 13, 1.5], "texture": "#0"},
				"up": {"uv": [5, 13, 4.5, 11.5], "texture": "#0"},
				"down": {"uv": [5.5, 11.5, 5, 13], "texture": "#0"}
			}
		},
		{
			"name": "front strap",
			"from": [1.75, 7.25, 6.25],
			"to": [2.75, 7.5, 9.5],
			"faces": {
				"north": {"uv": [11, 11.5, 11.5, 12], "texture": "#0"},
				"east": {"uv": [11.5, 0.5, 13, 1], "texture": "#0"},
				"south": {"uv": [11.5, 11, 12, 11.5], "texture": "#0"},
				"west": {"uv": [11.5, 1, 13, 1.5], "texture": "#0"},
				"up": {"uv": [5, 13, 4.5, 11.5], "texture": "#0"},
				"down": {"uv": [5.5, 11.5, 5, 13], "texture": "#0"}
			}
		}
	],
	"display": {
		"thirdperson_righthand": {
			"rotation": [0, -90, 0],
			"translation": [-0.5, 2.75, 6.25],
			"scale": [0.75, 0.75, 0.75]
		},
		"thirdperson_lefthand": {
			"rotation": [0, 90, 0],
			"translation": [-0.5, 2.75, 6.25],
			"scale": [0.75, 0.75, 0.75]
		},
		"firstperson_righthand": {
			"rotation": [0, 50, 0],
			"translation": [0, 5.75, 0]
		},
		"firstperson_lefthand": {
			"rotation": [0, -130, 0],
			"translation": [0, 5.75, 0]
		},
		"gui": {
			"rotation": [17, 50, 0],
			"translation": [0.5, 3.5, 0]
		},
		"head": {
			"rotation": [0, -90, 0],
			"translation": [0, 6.25, 0],
			"scale": [1.61, 1.61, 1.61]
		},
		"fixed": {
			"rotation": [0, -91, 0],
			"translation": [0, 4, 0]
		}
	}
}