{"textures":{"particle":"minefreeze:item/hats/top_hat"},"elements":[{"from":[4,7,2.5],"to":[12,8,13.5],"faces":{"east":{"uv":[11.5,4.5,15.5,5],"texture":"#particle"},"south":{"uv":[11.5,4.5,15.5,5],"texture":"#particle"},"north":{"uv":[11.5,4.5,15.5,5],"texture":"#particle"},"west":{"uv":[11.5,4.5,15.5,5],"texture":"#particle"},"up":{"uv":[15,13,11,7.5],"texture":"#particle"},"down":{"uv":[15,7.5,11,13],"texture":"#particle"}}},{"rotation":{"origin":[3.7294,7.65328,8],"angle":-22.5,"axis":"z"},"from":[2.2294,7.15328,2.5],"to":[4.2294,8.15328,13.5],"faces":{"south":{"uv":[14.5,5.5,15.5,6],"texture":"#particle"},"north":{"uv":[12.5,5.5,13.5,6],"texture":"#particle"},"west":{"uv":[6,5.5,11.5,6],"texture":"#particle"},"up":{"uv":[11,15,5.5,14],"texture":"#particle","rotation":270},"down":{"uv":[11,14,5.5,15],"texture":"#particle","rotation":90}}},{"rotation":{"origin":[12.2706,7.65328,8],"angle":22.5,"axis":"z"},"from":[11.7706,7.15328,2.5],"to":[13.7706,8.15328,13.5],"faces":{"east":{"uv":[11.5,5.5,6,6],"texture":"#particle"},"south":{"uv":[15.5,5.5,14.5,6],"texture":"#particle"},"north":{"uv":[13.5,5.5,12.5,6],"texture":"#particle"},"up":{"uv":[11,14,5.5,15],"texture":"#particle","rotation":270},"down":{"uv":[11,15,5.5,14],"texture":"#particle","rotation":90}}},{"from":[4,9,4],"to":[12,11,12],"faces":{"east":{"uv":[11.5,2.5,15.5,3.5],"texture":"#particle"},"south":{"uv":[11.5,2.5,15.5,3.5],"texture":"#particle"},"north":{"uv":[11.5,2.5,15.5,3.5],"texture":"#particle"},"west":{"uv":[11.5,2.5,15.5,3.5],"texture":"#particle"},"up":{"uv":[4.5,15,0.5,11],"texture":"#particle"}}},{"from":[4,11,4],"to":[12,13,12],"faces":{"east":{"uv":[6,2,9.5,3],"texture":"#particle"},"south":{"uv":[6,2,9.5,3],"texture":"#particle"},"north":{"uv":[6,2,9.5,3],"texture":"#particle"},"west":{"uv":[6,2,9.5,3],"texture":"#particle"}}},{"rotation":{"origin":[8,12.75,8],"angle":0,"axis":"y"},"from":[3.5,13,3.5],"to":[12.5,14,12.5],"faces":{"east":{"uv":[6,0.5,10.5,1],"texture":"#particle"},"south":{"uv":[6,0.5,10.5,1],"texture":"#particle"},"north":{"uv":[6,0.5,10.5,1],"texture":"#particle"},"west":{"uv":[6,0.5,10.5,1],"texture":"#particle"},"up":{"uv":[5,5,0.5,0.5],"texture":"#particle"},"down":{"uv":[5,0.5,0.5,5],"texture":"#particle"}}},{"from":[3.4,8,3.4],"to":[12.6,9,12.6],"faces":{"east":{"uv":[6,4,10.5,4.5],"texture":"#particle"},"south":{"uv":[6,4,10.5,4.5],"texture":"#particle"},"north":{"uv":[6,4,10.5,4.5],"texture":"#particle"},"west":{"uv":[6,4,10.5,4.5],"texture":"#particle"},"up":{"uv":[10,12,5.5,7.5],"texture":"#particle"}}}],"display":{"head":{"translation":[0,6.4,0],"scale":[1.6,1.6,1.6]},"firstperson_righthand":{"rotation":[0,45,0],"translation":[1.5,1.5,0.5],"scale":[0.4,0.4,0.4]},"thirdperson_righthand":{"rotation":[75,45,0],"translation":[0,2.5,-0.25],"scale":[0.55,0.55,0.55]},"ground":{"translation":[0,-1,0]},"gui":{"rotation":[30,225,0],"translation":[0,-2.5,0],"scale":[0.8,0.8,0.8]},"fixed":{"translation":[0,-3,0]}}}