{
	"credit": "Made with Blockbench",
	"texture_size": [32, 32],
	"textures": {
		"0": "item/capblue",
		"particle": "item/capblue"
	},
	"elements": [
		{
			"from": [3.95, 8, 3.95],
			"to": [12.05, 11, 11.05],
			"rotation": {"angle": 0, "axis": "y", "origin": [8, 11.5, 8]},
			"faces": {
				"north": {"uv": [4, 4, 8, 5.5], "texture": "#0"},
				"east": {"uv": [0, 7, 3.5, 8.5], "texture": "#0"},
				"south": {"uv": [4, 5.5, 8, 7], "texture": "#0"},
				"west": {"uv": [3.5, 7, 7, 8.5], "texture": "#0"},
				"up": {"uv": [4, 3.5, 0, 0], "texture": "#0"},
				"down": {"uv": [4, 3.5, 0, 7], "texture": "#0"}
			}
		},
		{
			"from": [7.45, 11, 7.45],
			"to": [8.55, 11.5, 8.55],
			"rotation": {"angle": 45, "axis": "y", "origin": [8, 11.25, 8]},
			"faces": {
				"north": {"uv": [6.5, 8.5, 7, 9], "texture": "#0"},
				"east": {"uv": [7, 8.5, 7.5, 9], "texture": "#0"},
				"south": {"uv": [7.5, 8.5, 8, 9], "texture": "#0"},
				"west": {"uv": [8, 8.5, 8.5, 9], "texture": "#0"},
				"up": {"uv": [9, 9, 8.5, 8.5], "texture": "#0"},
				"down": {"uv": [0.5, 9, 0, 9.5], "texture": "#0"}
			}
		},
		{
			"from": [3.95, 9, 11.05],
			"to": [12.05, 11, 12.05],
			"rotation": {"angle": 0, "axis": "y", "origin": [8, 11.5, 8]},
			"faces": {
				"north": {"uv": [7, 7, 11, 8], "texture": "#0"},
				"east": {"uv": [8.5, 1, 9, 2], "texture": "#0"},
				"south": {"uv": [8, 4, 12, 5], "texture": "#0"},
				"west": {"uv": [2, 8.5, 2.5, 9.5], "texture": "#0"},
				"up": {"uv": [12, 6.5, 8, 6], "texture": "#0"},
				"down": {"uv": [12, 6.5, 8, 7], "texture": "#0"}
			}
		},
		{
			"from": [3.95, 8, 11.05],
			"to": [6.05, 9, 12.05],
			"rotation": {"angle": 0, "axis": "y", "origin": [8, 11.5, 8]},
			"faces": {
				"north": {"uv": [8.5, 2, 9.5, 2.5], "texture": "#0"},
				"east": {"uv": [0.5, 9, 1, 9.5], "texture": "#0"},
				"south": {"uv": [2.5, 8.5, 3.5, 9], "texture": "#0"},
				"west": {"uv": [1, 9, 1.5, 9.5], "texture": "#0"},
				"up": {"uv": [9.5, 3, 8.5, 2.5], "texture": "#0"},
				"down": {"uv": [9.5, 3, 8.5, 3.5], "texture": "#0"}
			}
		},
		{
			"from": [6.05, 7.5, 12.075],
			"to": [9.95, 8.5, 12.075],
			"rotation": {"angle": 0, "axis": "y", "origin": [8, 11.5, 8]},
			"faces": {
				"north": {"uv": [7, 8, 9, 8.5], "texture": "#0"},
				"east": {"uv": [0, 0, 0, 0.5], "texture": "#0"},
				"south": {"uv": [0, 8.5, 2, 9], "texture": "#0"},
				"west": {"uv": [0, 0, 0, 0.5], "texture": "#0"},
				"up": {"uv": [2, 0, 0, 0], "texture": "#0"},
				"down": {"uv": [2, 0, 0, 0], "texture": "#0"}
			}
		},
		{
			"from": [9.95, 8, 11.05],
			"to": [12.05, 9, 12.05],
			"rotation": {"angle": 0, "axis": "y", "origin": [8, 11.5, 8]},
			"faces": {
				"north": {"uv": [3.5, 8.5, 4.5, 9], "texture": "#0"},
				"east": {"uv": [9, 1, 9.5, 1.5], "texture": "#0"},
				"south": {"uv": [8.5, 3.5, 9.5, 4], "texture": "#0"},
				"west": {"uv": [1.5, 9, 2, 9.5], "texture": "#0"},
				"up": {"uv": [5.5, 9, 4.5, 8.5], "texture": "#0"},
				"down": {"uv": [6.5, 8.5, 5.5, 9], "texture": "#0"}
			}
		},
		{
			"from": [3.5, 7.998, 1.44072],
			"to": [12.5, 8.998, 5.44072],
			"rotation": {"angle": 0, "axis": "x", "origin": [8, 7.748, 3.44072]},
			"faces": {
				"north": {"uv": [8, 5, 12.5, 5.5], "texture": "#0"},
				"east": {"uv": [8.5, 0, 10.5, 0.5], "texture": "#0"},
				"south": {"uv": [8, 5.5, 12.5, 6], "texture": "#0"},
				"west": {"uv": [8.5, 0.5, 10.5, 1], "texture": "#0"},
				"up": {"uv": [8.5, 2, 4, 0], "texture": "#0"},
				"down": {"uv": [8.5, 2, 4, 4], "texture": "#0"}
			}
		}
	],
	"gui_light": "front",
	"display": {
		"thirdperson_righthand": {
			"rotation": [-180, 0, -90],
			"translation": [-1, -2, -4],
			"scale": [0.75, 0.75, 0.75]
		},
		"thirdperson_lefthand": {
			"rotation": [-180, 0, -90],
			"translation": [-1, -2, -4],
			"scale": [0.75, 0.75, 0.75]
		},
		"firstperson_righthand": {
			"rotation": [-5, 112, 13],
			"translation": [0.5, 0, -0.5],
			"scale": [0.75, 0.75, 0.75]
		},
		"firstperson_lefthand": {
			"rotation": [-5, 112, 13],
			"translation": [0.5, 0, -0.5],
			"scale": [0.75, 0.75, 0.75]
		},
		"ground": {
			"scale": [0.75, 0.75, 0.75]
		},
		"gui": {
			"rotation": [15, 145, 0],
			"translation": [1, -1, 0],
			"scale": [1.15, 1.15, 1.15]
		},
		"head": {
			"translation": [0, 2.5, 0],
			"scale": [1.78, 1.78, 1.78]
		},
		"fixed": {
			"rotation": [-90, 0, 0],
			"translation": [0, 1.25, 1],
			"scale": [1.65, 1.65, 1.65]
		}
	},
	"groups": [
		{
			"name": "group",
			"origin": [12.2706, 8.65328, 8],
			"color": 0,
			"children": [0, 1, 2, 3, 4, 5, 6]
		}
	]
}