{
	"parent": "item/generated",
	"textures": {
		"layer0": "block/carved_pumpkin"
	},
	"overrides": [
		{ "predicate": {  "custom_model_data": 1000 }, "model": "minefreeze:item/hats/astro"},
		{ "predicate": {  "custom_model_data": 1001 }, "model": "minefreeze:item/hats/box_hat"},
		{ "predicate": {  "custom_model_data": 1002 }, "model": "minefreeze:item/hats/bunny_ears"},
		{ "predicate": {  "custom_model_data": 1003 }, "model": "minefreeze:item/hats/dinosaur_hat"},
		{ "predicate": {  "custom_model_data": 1004 }, "model": "minefreeze:item/hats/jellyfish"},
		{ "predicate": {  "custom_model_data": 1005 }, "model": "minefreeze:item/hats/monocle"},
		{ "predicate": {  "custom_model_data": 1006 }, "model": "minefreeze:item/hats/shark"},
	        { "predicate": {  "custom_model_data": 1007 }, "model": "minefreeze:item/hats/sombrero"},
	        { "predicate": {  "custom_model_data": 1008 }, "model": "minefreeze:item/hats/tax_hat"},
	        { "predicate": {  "custom_model_data": 1009 }, "model": "minefreeze:item/hats/top_hat"},
	        { "predicate": {  "custom_model_data": 1010 }, "model": "minefreeze:item/hats/ushanka"},
	        { "predicate": {  "custom_model_data": 1011 }, "model": "minefreeze:item/hats/irish_brim"},
	        { "predicate": {  "custom_model_data": 1012 }, "model": "minefreeze:item/easterset/bunny_hood"},
	        { "predicate": {  "custom_model_data": 1013 }, "model": "minefreeze:item/hats/chefhat"},
	        { "predicate": {  "custom_model_data": 1014 }, "model": "minefreeze:item/hats/moyaihat"},
	        { "predicate": {  "custom_model_data": 1015 }, "model": "minefreeze:item/hats/quest"},
	        { "predicate": {  "custom_model_data": 1016 }, "model": "minefreeze:item/hats/bs_bounty_hunter_hat"},
	        { "predicate": {  "custom_model_data": 1017 }, "model": "minefreeze:item/hats/bs_speeder_bike_hat"},
		{ "predicate": {  "custom_model_data": 3462 }, "model": "item/custom/sulve/bowlerblack"},
		{ "predicate": {  "custom_model_data": 3463 }, "model": "item/custom/sulve/tophatgrey"},
		{ "predicate": {  "custom_model_data": 3464 }, "model": "item/custom/sulve/tophatblack"},
		{ "predicate": {  "custom_model_data": 3465 }, "model": "item/custom/sulve/tophatmagic"},
		{ "predicate": {  "custom_model_data": 3466 }, "model": "item/custom/sulve/westernhatbrown"},
		{ "predicate": {  "custom_model_data": 3467 }, "model": "item/custom/sulve/westernhatblack"},
		{ "predicate": {  "custom_model_data": 3468 }, "model": "item/custom/sulve/westernhatbeige"},
		{ "predicate": {  "custom_model_data": 3469 }, "model": "item/custom/sulve/visorhatblue"},
		{ "predicate": {  "custom_model_data": 3470 }, "model": "item/custom/sulve/beretblack"},
		{ "predicate": {  "custom_model_data": 3471 }, "model": "item/custom/sulve/holidayhat"},
		{ "predicate": {  "custom_model_data": 3472 }, "model": "item/custom/sulve/holidayhatelf"},
		{ "predicate": {  "custom_model_data": 3473 }, "model": "item/custom/sulve/capblue"},
		{ "predicate": {  "custom_model_data": 3474 }, "model": "item/custom/sulve/sombrerobeige"},
		{ "predicate": {  "custom_model_data": 3475 }, "model": "item/custom/sulve/sombreroblack"},
		{ "predicate": {  "custom_model_data": 3476 }, "model": "item/custom/sulve/hardhat"}
	]
}