{"textures":{"particle":"minefreeze:item/hats/gfx_dinosaur_hat"},"elements":[{"rotation":{"origin":[12,16,14],"angle":0,"axis":"y"},"from":[3,5,2],"to":[13,11,13],"faces":{"east":{"uv":[5.75,3.25,3,4.75],"texture":"#particle"},"south":{"uv":[5.75,3.25,8.25,4.75],"texture":"#particle"},"north":{"uv":[0.5,3.25,3,4.75],"texture":"#particle"},"west":{"uv":[3,3.25,5.75,4.75],"texture":"#particle"},"up":{"uv":[3,3.25,0.5,0.5],"texture":"#particle"},"down":{"uv":[3,7.5,0.5,4.75],"texture":"#particle"}}},{"rotation":{"origin":[4,10,14],"angle":0,"axis":"y"},"from":[4,4,2],"to":[6,5,3],"faces":{"east":{"uv":[3.75,5.5,4,5.75],"texture":"#particle"},"south":{"uv":[4.75,5.5,5.25,5.75],"texture":"#particle"},"north":{"uv":[4,5.5,4.5,5.75],"texture":"#particle"},"west":{"uv":[4.5,5.5,4.75,5.75],"texture":"#particle"},"down":{"uv":[4.5,5.75,4,6],"texture":"#particle"}}},{"rotation":{"origin":[10,10,14],"angle":0,"axis":"y"},"from":[10,4,2],"to":[12,5,3],"faces":{"east":{"uv":[3.75,5.5,4,5.75],"texture":"#particle"},"south":{"uv":[4.75,5.5,5.25,5.75],"texture":"#particle"},"north":{"uv":[4,5.5,4.5,5.75],"texture":"#particle"},"west":{"uv":[4.5,5.5,4.75,5.75],"texture":"#particle"},"down":{"uv":[4.5,5.75,4,6],"texture":"#particle"}}},{"rotation":{"origin":[3,10,16],"angle":0,"axis":"y"},"from":[3,4,4],"to":[4,5,6],"faces":{"east":{"uv":[3.75,6.75,4.25,7],"texture":"#particle"},"south":{"uv":[5,6.75,5.25,7],"texture":"#particle"},"north":{"uv":[4.25,6.75,4.5,7],"texture":"#particle"},"west":{"uv":[4.5,6.75,5,7],"texture":"#particle"},"down":{"uv":[4.5,7.5,4.25,7],"texture":"#particle"}}},{"rotation":{"origin":[13,10,16],"angle":0,"axis":"y"},"from":[12,4,4],"to":[13,5,6],"faces":{"east":{"uv":[5,6.75,4.5,7],"texture":"#particle"},"south":{"uv":[5.25,6.75,5,7],"texture":"#particle"},"north":{"uv":[4.5,6.75,4.25,7],"texture":"#particle"},"west":{"uv":[4.25,6.75,3.75,7],"texture":"#particle"},"down":{"uv":[4.25,7.5,4.5,7],"texture":"#particle"}}},{"rotation":{"origin":[8,11,13],"angle":22.5,"axis":"x"},"from":[7,9,11],"to":[9,13,16],"faces":{"east":{"uv":[10.75,5,9.5,6],"texture":"#particle"},"south":{"uv":[10.75,5,11.25,6],"texture":"#particle"},"north":{"uv":[9,5,9.5,6],"texture":"#particle"},"west":{"uv":[9.5,5,10.75,6],"texture":"#particle"},"up":{"uv":[9.5,5,9,3.75],"texture":"#particle"},"down":{"uv":[9.5,7.25,9,6],"texture":"#particle"}}},{"rotation":{"origin":[8,4,13],"angle":22.5,"axis":"x"},"from":[7,2,11],"to":[9,6,16],"faces":{"east":{"uv":[10.75,5,9.5,6],"texture":"#particle"},"south":{"uv":[10.75,5,11.25,6],"texture":"#particle"},"west":{"uv":[9.5,5,10.75,6],"texture":"#particle"},"up":{"uv":[9.5,5,9,3.75],"texture":"#particle"},"down":{"uv":[9.5,7.25,9,6],"texture":"#particle"}}},{"rotation":{"origin":[12,22,14],"angle":0,"axis":"y"},"from":[3,11,7],"to":[6,13,11],"faces":{"east":{"uv":[3.75,1.5,4.75,2],"texture":"#particle"},"south":{"uv":[6.5,1.5,7.25,2],"texture":"#particle"},"north":{"uv":[4.75,1.5,5.5,2],"texture":"#particle"},"west":{"uv":[5.5,1.5,6.5,2],"texture":"#particle"},"up":{"uv":[5.5,1.5,4.75,0.5],"texture":"#particle"}}},{"rotation":{"origin":[4,22,14],"angle":0,"axis":"y"},"from":[10,11,7],"to":[13,13,11],"faces":{"east":{"uv":[6.5,1.5,5.5,2],"texture":"#particle"},"south":{"uv":[7.25,1.5,6.5,2],"texture":"#particle"},"north":{"uv":[5.5,1.5,4.75,2],"texture":"#particle"},"west":{"uv":[4.75,1.5,3.75,2],"texture":"#particle"},"up":{"uv":[4.75,1.5,5.5,0.5],"texture":"#particle"}}},{"rotation":{"origin":[12,12,14],"angle":0,"axis":"y"},"from":[3,1,7],"to":[13,5,13],"faces":{"east":{"uv":[13,0.5,11.5,1.5],"texture":"#particle"},"south":{"uv":[13,0.5,15.5,1.5],"texture":"#particle"},"north":{"uv":[9,0.5,11.5,1.5],"texture":"#particle"},"west":{"uv":[11.5,0.5,13,1.5],"texture":"#particle"},"down":{"uv":[11.5,3,9,1.5],"texture":"#particle"}}}],"display":{"head":{"translation":[0,6.4,0],"scale":[1.6,1.6,1.6]},"firstperson_righthand":{"rotation":[0,45,0],"translation":[1.5,1.5,0.5],"scale":[0.4,0.4,0.4]},"thirdperson_righthand":{"rotation":[75,45,0],"translation":[0,2.5,-0.25],"scale":[0.55,0.55,0.55]},"ground":{"translation":[0,3,0]},"gui":{"rotation":[30,225,0],"scale":[0.8,0.8,0.8]},"fixed":{"translation":[0,1,-5]}}}