{
    "providers":[
        {"type":"bitmap","file":"minefreeze:ranks/sealtag.png","ascent":7,"height":7,"chars":["\ue100"]},
        {"type":"bitmap","file":"minefreeze:ranks/penguintag.png","ascent":7,"height":7,"chars":["\ue101"]},
        {"type":"bitmap","file":"minefreeze:ranks/walrustag.png","ascent":7,"height":7,"chars":["\ue102"]},
        {"type":"bitmap","file":"minefreeze:ranks/narwhaltag.png","ascent":7,"height":7,"chars":["\ue103"]},
        {"type":"bitmap","file":"minefreeze:ranks/polarbeartag.png","ascent":7,"height":7,"chars":["\ue104"]},
        {"type":"bitmap","file":"minefreeze:ranks/guidetag.png","ascent":7,"height":7,"chars":["\ue105"]},
        {"type":"bitmap","file":"minefreeze:ranks/modtag.png","ascent":7,"height":7,"chars":["\ue106"]},
        {"type":"bitmap","file":"minefreeze:ranks/admintag.png","ascent":7,"height":7,"chars":["\ue107"]},
        {"type":"bitmap","file":"minefreeze:ranks/ownertag.png","ascent":7,"height":7,"chars":["\ue108"]},
        {"type":"bitmap","file":"minefreeze:ranks/system.png","ascent":7,"height":7,"chars":["\ue109"]},
        {"type":"bitmap","file":"minefreeze:misc/minefreezelogo.png","ascent":55,"height":55,"chars":["\ue110"]},
        {"type":"bitmap","file":"minefreeze:ranks/npctag.png","ascent":7,"height":7,"chars":["\ue111"]},
        {"type":"bitmap","file":"minefreeze:ranks/snowtag.png","ascent":7,"height":7,"chars":["\ue112"]},
        {"type":"bitmap","file":"minefreeze:ranks/icetag.png","ascent":7,"height":7,"chars":["\ue113"]},
        {"type":"bitmap","file":"minefreeze:ranks/glaciertag.png","ascent":7,"height":7,"chars":["\ue114"]},
        {"type":"bitmap","file":"minefreeze:ranks/blizzardtag.png","ascent":7,"height":7,"chars":["\ue115"]},
        {"type":"bitmap","file":"minefreeze:ranks/frozentag.png","ascent":7,"height":7,"chars":["\ue116"]},
        {"type":"bitmap","file":"minefreeze:icons/gem.png","ascent":7,"height":7,"chars":["\ue117"]},
        {"type":"bitmap","file":"minefreeze:icons/gemstag.png","ascent":7,"height":7,"chars":["\ue118"]},
        {"type":"bitmap","file":"minefreeze:icons/blueerror.png","ascent":7,"height":7,"chars":["\ue119"]},
        {"type":"bitmap","file":"minefreeze:ranks/wankertag.png","ascent":7,"height":7,"chars":["\ue120"]},
        {"type":"bitmap","file":"minefreeze:rarities/common.png","ascent":7,"height":7,"chars":["\ue121"]},
        {"type":"bitmap","file":"minefreeze:rarities/uncommon.png","ascent":7,"height":7,"chars":["\ue122"]},
        {"type":"bitmap","file":"minefreeze:rarities/rare.png","ascent":7,"height":7,"chars":["\ue123"]},
        {"type":"bitmap","file":"minefreeze:rarities/epic.png","ascent":7,"height":7,"chars":["\ue124"]},
        {"type":"bitmap","file":"minefreeze:rarities/legendary.png","ascent":7,"height":7,"chars":["\ue125"]}
    ]
}