{
	"credit": "Made by Manning Design",
	"texture_size": [64, 64],
	"textures": {
		"0": "custom/bs_balloon_llama_texture",
		"particle": "custom/bs_balloon_llama_texture"
	},
	"elements": [
		{
			"from": [4, 4, 3],
			"to": [12, 10, 14],
			"rotation": {"angle": 0, "axis": "y", "origin": [0, -2, 10]},
			"faces": {
				"north": {"uv": [0, 6, 2, 7.5], "texture": "#0"},
				"east": {"uv": [3.5, 0, 6.25, 1.5], "texture": "#0"},
				"south": {"uv": [2, 6, 4, 7.5], "texture": "#0"},
				"west": {"uv": [3.5, 1.5, 6.25, 3], "texture": "#0"},
				"up": {"uv": [2, 6, 0, 3.25], "texture": "#0"},
				"down": {"uv": [4, 3.25, 2, 6], "texture": "#0"}
			}
		},
		{
			"from": [4.5, 6.48565, 1.30436],
			"to": [11.5, 19.48565, 6.30436],
			"rotation": {"angle": 0, "axis": "y", "origin": [8, 15.99283, 2.02718]},
			"faces": {
				"north": {"uv": [0, 0, 1.75, 3.25], "texture": "#0"},
				"east": {"uv": [4, 3, 5.25, 6.25], "texture": "#0"},
				"south": {"uv": [1.75, 0, 3.5, 3.25], "texture": "#0"},
				"west": {"uv": [5.25, 3, 6.5, 6.25], "texture": "#0"},
				"up": {"uv": [3, 8.75, 1.25, 7.5], "texture": "#0"},
				"down": {"uv": [9.5, 2, 7.75, 3.25], "texture": "#0"}
			}
		},
		{
			"from": [5.5, 14.48565, -1.69564],
			"to": [10.5, 17.48565, 1.30436],
			"rotation": {"angle": 0, "axis": "y", "origin": [8, 15.99283, 2.02718]},
			"faces": {
				"north": {"uv": [10, 1, 11.25, 1.75], "texture": "#0"},
				"east": {"uv": [3, 7.5, 3.75, 8.25], "texture": "#0"},
				"south": {"uv": [2.25, 10, 3.5, 10.75], "texture": "#0"},
				"west": {"uv": [4.75, 10, 5.5, 10.75], "texture": "#0"},
				"up": {"uv": [4.75, 10.75, 3.5, 10], "texture": "#0"},
				"down": {"uv": [11.25, 9.5, 10, 10.25], "texture": "#0"}
			}
		},
		{
			"from": [3, -1.95463, 12.79924],
			"to": [8, 5.04537, 17.79924],
			"rotation": {"angle": -22.5, "axis": "x", "origin": [0, -2, 10]},
			"faces": {
				"north": {"uv": [7.75, 3.25, 9, 5], "texture": "#0"},
				"east": {"uv": [7.75, 5, 9, 6.75], "texture": "#0"},
				"south": {"uv": [7.75, 6.75, 9, 8.5], "texture": "#0"},
				"west": {"uv": [6.5, 8, 7.75, 9.75], "texture": "#0"},
				"up": {"uv": [2.5, 10, 1.25, 8.75], "texture": "#0"},
				"down": {"uv": [10.25, 3.25, 9, 4.5], "texture": "#0"}
			}
		},
		{
			"from": [8, -1.95463, 12.79924],
			"to": [13, 5.04537, 17.79924],
			"rotation": {"angle": -22.5, "axis": "x", "origin": [0, -2, 10]},
			"faces": {
				"north": {"uv": [3, 8.25, 4.25, 10], "texture": "#0"},
				"east": {"uv": [4.25, 8.25, 5.5, 10], "texture": "#0"},
				"south": {"uv": [7.75, 8.5, 9, 10.25], "texture": "#0"},
				"west": {"uv": [8.75, 0, 10, 1.75], "texture": "#0"},
				"up": {"uv": [10.25, 5.75, 9, 4.5], "texture": "#0"},
				"down": {"uv": [10.25, 5.75, 9, 7], "texture": "#0"}
			}
		},
		{
			"from": [3, -3.48536, -1.49475],
			"to": [8, 4.51464, 3.50525],
			"rotation": {"angle": 22.5, "axis": "x", "origin": [0, -2, 10]},
			"faces": {
				"north": {"uv": [6.25, 0, 7.5, 2], "texture": "#0"},
				"east": {"uv": [4, 6.25, 5.25, 8.25], "texture": "#0"},
				"south": {"uv": [5.25, 6.25, 6.5, 8.25], "texture": "#0"},
				"west": {"uv": [6.5, 2, 7.75, 4], "texture": "#0"},
				"up": {"uv": [10.25, 8.25, 9, 7], "texture": "#0"},
				"down": {"uv": [10.25, 8.25, 9, 9.5], "texture": "#0"}
			}
		},
		{
			"from": [8, -3.48536, -1.49475],
			"to": [13, 4.51464, 3.50525],
			"rotation": {"angle": 22.5, "axis": "x", "origin": [0, -2, 10]},
			"faces": {
				"north": {"uv": [6.5, 4, 7.75, 6], "texture": "#0"},
				"east": {"uv": [6.5, 6, 7.75, 8], "texture": "#0"},
				"south": {"uv": [0, 7.5, 1.25, 9.5], "texture": "#0"},
				"west": {"uv": [7.5, 0, 8.75, 2], "texture": "#0"},
				"up": {"uv": [1.25, 10.75, 0, 9.5], "texture": "#0"},
				"down": {"uv": [10.75, 1.75, 9.5, 3], "texture": "#0"}
			}
		},
		{
			"from": [6, 6.19969, 13.27341],
			"to": [10, 12.19969, 17.27341],
			"rotation": {"angle": 45, "axis": "x", "origin": [8, 12.19969, 13.52341]},
			"faces": {
				"north": {"uv": [5.5, 8.25, 6.5, 9.75], "texture": "#0"},
				"east": {"uv": [9, 9.5, 10, 11], "texture": "#0"},
				"south": {"uv": [5.5, 9.75, 6.5, 11.25], "texture": "#0"},
				"west": {"uv": [6.5, 9.75, 7.5, 11.25], "texture": "#0"},
				"up": {"uv": [11, 1, 10, 0], "texture": "#0"},
				"down": {"uv": [2.25, 10, 1.25, 11], "texture": "#0"}
			}
		},
		{
			"from": [7.5, 11.19969, 14.77341],
			"to": [8.5, 13.19969, 15.77341],
			"rotation": {"angle": 45, "axis": "x", "origin": [8, 12.19969, 13.52341]},
			"faces": {
				"north": {"uv": [6.25, 2, 6.5, 2.5], "texture": "#0"},
				"east": {"uv": [6.25, 2.5, 6.5, 3], "texture": "#0"},
				"south": {"uv": [3.75, 7.5, 4, 8], "texture": "#0"},
				"west": {"uv": [7.5, 9.75, 7.75, 10.25], "texture": "#0"},
				"up": {"uv": [3.75, 3.25, 3.5, 3], "texture": "#0"},
				"down": {"uv": [4, 3, 3.75, 3.25], "texture": "#0"}
			}
		},
		{
			"from": [4.5, 19.5, 3.3],
			"to": [7.5, 21.5, 5.3],
			"rotation": {"angle": 0, "axis": "y", "origin": [8, 15.99283, 2.02718]},
			"faces": {
				"north": {"uv": [10.25, 3, 11, 3.5], "texture": "#0"},
				"east": {"uv": [2.5, 8.75, 3, 9.25], "texture": "#0"},
				"south": {"uv": [10.25, 3.5, 11, 4], "texture": "#0"},
				"west": {"uv": [2.5, 9.25, 3, 9.75], "texture": "#0"},
				"up": {"uv": [11, 4.5, 10.25, 4], "texture": "#0"},
				"down": {"uv": [11, 4.5, 10.25, 5], "texture": "#0"}
			}
		},
		{
			"from": [8.5, 19.5, 3.3],
			"to": [11.5, 21.5, 5.3],
			"rotation": {"angle": 0, "axis": "y", "origin": [8, 15.99283, 2.02718]},
			"faces": {
				"north": {"uv": [10.25, 5, 11, 5.5], "texture": "#0"},
				"east": {"uv": [10.25, 7, 10.75, 7.5], "texture": "#0"},
				"south": {"uv": [10.25, 5.5, 11, 6], "texture": "#0"},
				"west": {"uv": [7.5, 10.25, 8, 10.75], "texture": "#0"},
				"up": {"uv": [11, 6.5, 10.25, 6], "texture": "#0"},
				"down": {"uv": [11, 6.5, 10.25, 7], "texture": "#0"}
			}
		}
	],
	"display": {
		"thirdperson_righthand": {
			"scale": [0.57, 0.57, 0.57]
		},
		"thirdperson_lefthand": {
			"scale": [0.52, 0.52, 0.52]
		},
		"firstperson_righthand": {
			"scale": [0.55, 0.55, 0.55]
		},
		"firstperson_lefthand": {
			"scale": [0.55, 0.55, 0.55]
		},
		"ground": {
			"translation": [0, 5.5, 0],
			"scale": [0.54, 0.54, 0.54]
		},
		"gui": {
			"rotation": [35, 135, 0],
			"translation": [0.25, 0.25, 0],
			"scale": [0.55, 0.55, 0.55]
		},
		"head": {
			"translation": [0, 0.5, 0],
			"scale": [1.7, 1.7, 1.7]
		},
		"fixed": {
			"rotation": [0, 90, 0],
			"translation": [0, -2.75, 0],
			"scale": [0.65, 0.65, 0.65]
		}
	}
}