{"textures":{"particle":"minefreeze:item/hats/gfx_box_hat"},"elements":[{"rotation":{"origin":[8,5,8],"angle":0,"axis":"x"},"from":[3,5,3],"to":[13,13,13],"faces":{"east":{"uv":[5.5,6.5,10.5,10.5],"texture":"#particle"},"south":{"uv":[10.5,6.5,15.5,10.5],"texture":"#particle"},"north":{"uv":[0.5,6.5,5.5,10.5],"texture":"#particle"},"west":{"uv":[5.5,6.5,10.5,10.5],"texture":"#particle"},"up":{"uv":[5.5,6.5,0.5,1.5],"texture":"#particle"},"down":{"uv":[5.5,15.5,0.5,10.5],"texture":"#particle"}}},{"rotation":{"origin":[3,5,8],"angle":-22.5,"axis":"z"},"from":[3,0,3],"to":[4,5,13],"faces":{"east":{"uv":[6.5,11.5,11.5,14],"texture":"#particle"},"south":{"uv":[11.5,1.5,12,4],"texture":"#particle"},"north":{"uv":[11.5,11.5,12,14],"texture":"#particle"},"west":{"uv":[6.5,1.5,11.5,4],"texture":"#particle"},"up":{"uv":[13.5,5.5,13,0.5],"texture":"#particle"},"down":{"uv":[15,5.5,14.5,0.5],"texture":"#particle"}}},{"rotation":{"origin":[13,5,8],"angle":22.5,"axis":"z"},"from":[12,0,3],"to":[13,5,13],"faces":{"east":{"uv":[6.5,1.5,11.5,4],"texture":"#particle"},"south":{"uv":[11.5,11.5,12,14],"texture":"#particle"},"north":{"uv":[11.5,1.5,12,4],"texture":"#particle"},"west":{"uv":[6.5,11.5,11.5,14],"texture":"#particle"},"up":{"uv":[13.5,5.5,13,0.5],"texture":"#particle","rotation":180},"down":{"uv":[15,5.5,14.5,0.5],"texture":"#particle","rotation":180}}}],"display":{"head":{"translation":[0,6.4,0],"scale":[1.6,1.6,1.6]},"firstperson_righthand":{"rotation":[0,45,0],"translation":[1,3,0.5],"scale":[0.4,0.4,0.4]},"thirdperson_righthand":{"rotation":[75,45,0],"translation":[0,2.5,-0.5],"scale":[0.55,0.55,0.55]},"ground":{"translation":[0,4.5,0]},"gui":{"rotation":[30,225,0],"translation":[0,1,0],"scale":[0.8,0.8,0.8]},"fixed":{"translation":[0,1,0]}}}