{
	"credit": "Made with Blockbench",
	"texture_size": [32, 32],
	"textures": {
		"0": "item/hardhat",
		"particle": "item/hardhat"
	},
	"elements": [
		{
			"from": [3.95, 9, 3.95],
			"to": [12.05, 12, 12.05],
			"rotation": {"angle": 0, "axis": "y", "origin": [8, 11.5, 8]},
			"faces": {
				"north": {"uv": [8, 5.5, 12, 7], "texture": "#0"},
				"east": {"uv": [8, 7.5, 12, 9], "texture": "#0"},
				"south": {"uv": [9, 0, 13, 1.5], "texture": "#0"},
				"west": {"uv": [9, 2, 13, 3.5], "texture": "#0"},
				"up": {"uv": [4, 9.5, 0, 5.5], "texture": "#0"},
				"down": {"uv": [8, 5.5, 4, 9.5], "texture": "#0"}
			}
		},
		{
			"from": [3.5, 8, 1.5],
			"to": [12.5, 9, 12.5],
			"rotation": {"angle": 0, "axis": "y", "origin": [8, 11.5, 8]},
			"faces": {
				"north": {"uv": [7.5, 10.5, 12, 11], "texture": "#0"},
				"east": {"uv": [7.5, 9.5, 13, 10], "texture": "#0"},
				"south": {"uv": [0, 11, 4.5, 11.5], "texture": "#0"},
				"west": {"uv": [7.5, 10, 13, 10.5], "texture": "#0"},
				"up": {"uv": [4.5, 5.5, 0, 0], "texture": "#0"},
				"down": {"uv": [9, 0, 4.5, 5.5], "texture": "#0"}
			}
		},
		{
			"from": [6.45, 9, 3.45],
			"to": [9.55, 12.25, 12.3],
			"rotation": {"angle": 0, "axis": "y", "origin": [8, 11.5, 8]},
			"faces": {
				"north": {"uv": [7.5, 11, 9, 12.5], "texture": "#0"},
				"east": {"uv": [9, 4, 13.5, 5.5], "texture": "#0"},
				"south": {"uv": [9, 11, 10.5, 12.5], "texture": "#0"},
				"west": {"uv": [0, 9.5, 4.5, 11], "texture": "#0"},
				"up": {"uv": [6, 14, 4.5, 9.5], "texture": "#0"},
				"down": {"uv": [7.5, 9.5, 6, 14], "texture": "#0"}
			}
		}
	],
	"gui_light": "front",
	"display": {
		"thirdperson_righthand": {
			"rotation": [-180, 0, -90],
			"translation": [-1.25, -2, -4],
			"scale": [0.75, 0.75, 0.75]
		},
		"thirdperson_lefthand": {
			"rotation": [-180, 0, -90],
			"translation": [-1.25, -2, -4],
			"scale": [0.75, 0.75, 0.75]
		},
		"firstperson_righthand": {
			"rotation": [-5, 112, 13],
			"translation": [0.5, 0, -0.5],
			"scale": [0.75, 0.75, 0.75]
		},
		"firstperson_lefthand": {
			"rotation": [-5, 112, 13],
			"translation": [0.5, 0, -0.5],
			"scale": [0.75, 0.75, 0.75]
		},
		"ground": {
			"scale": [0.75, 0.75, 0.75]
		},
		"gui": {
			"rotation": [15, 150, 0],
			"translation": [0.5, -2.25, 0],
			"scale": [1.15, 1.15, 1.15]
		},
		"head": {
			"translation": [0, 2.5, 0],
			"scale": [1.78, 1.78, 1.78]
		},
		"fixed": {
			"rotation": [-90, 0, 0],
			"translation": [0, 1.75, 0.5],
			"scale": [1.65, 1.65, 1.65]
		}
	},
	"groups": [
		{
			"name": "group",
			"origin": [12.2706, 8.65328, 8],
			"color": 0,
			"children": [0, 1, 2]
		}
	]
}