{"textures":{"particle":"minefreeze:item/hats/bunny_ears"},"elements":[{"rotation":{"origin":[6.875,8,8.5],"angle":22.5,"axis":"z"},"from":[3.875,8,8],"to":[6.875,12,9],"faces":{"east":{"uv":[1,1,2,5],"texture":"#particle"},"south":{"uv":[6,1,9,5],"texture":"#particle"},"north":{"uv":[2,1,5,5],"texture":"#particle"},"west":{"uv":[5,1,6,5],"texture":"#particle"},"up":{"uv":[11,5,14,4],"texture":"#particle"},"down":{"uv":[14,1,11,2],"texture":"#particle"}}},{"rotation":{"origin":[9.125,8,8.5],"angle":-22.5,"axis":"z"},"from":[9.125,8,8],"to":[12.125,12,9],"faces":{"east":{"uv":[6,1,5,5],"texture":"#particle"},"south":{"uv":[9,1,6,5],"texture":"#particle"},"north":{"uv":[5,1,2,5],"texture":"#particle"},"west":{"uv":[2,1,1,5],"texture":"#particle"},"up":{"uv":[14,5,11,4],"texture":"#particle"},"down":{"uv":[11,1,14,2],"texture":"#particle"}}},{"rotation":{"origin":[4.06129,12.20537,7.79003],"angle":-22.5,"axis":"x"},"from":[2.72888,10.21063,7.27344],"to":[5.72888,13.21063,8.27344],"faces":{"east":{"uv":[1,7,2,10],"texture":"#particle"},"south":{"uv":[6,7,9,10],"texture":"#particle"},"north":{"uv":[2,7,5,10],"texture":"#particle"},"west":{"uv":[5,7,6,10],"texture":"#particle"},"up":{"uv":[14,8,11,7],"texture":"#particle"}}},{"rotation":{"origin":[11.93871,12.20537,7.79003],"angle":-22.5,"axis":"x"},"from":[10.27112,10.21063,7.27344],"to":[13.27112,13.21063,8.27344],"faces":{"east":{"uv":[6,7,5,10],"texture":"#particle"},"south":{"uv":[9,7,6,10],"texture":"#particle"},"north":{"uv":[5,7,2,10],"texture":"#particle"},"west":{"uv":[2,7,1,10],"texture":"#particle"},"up":{"uv":[11,8,14,7],"texture":"#particle"}}}],"display":{"head":{"translation":[0,6.4,0],"scale":[1.6,1.6,1.6]},"firstperson_righthand":{"rotation":[0,90,0],"translation":[1.5,1.5,0.5],"scale":[0.4,0.4,0.4]},"thirdperson_righthand":{"rotation":[75,45,0],"translation":[0.5,1.5,0],"scale":[0.55,0.55,0.55]},"ground":{"translation":[0,-3,0]},"gui":{"rotation":[30,225,0],"translation":[0,-2.5,0]},"fixed":{"translation":[0,-3,-1]}}}