{
	"credit": "Made with Blockbench",
	"texture_size": [32, 32],
	"textures": {
		"0": "item/beretblack",
		"particle": "item/beretblack"
	},
	"elements": [
		{
			"from": [3.95, 8, 3.95],
			"to": [12.05, 10, 12.05],
			"rotation": {"angle": 0, "axis": "y", "origin": [8, 11.5, 8]},
			"faces": {
				"north": {"uv": [8, 10.5, 12, 11.5], "texture": "#0"},
				"east": {"uv": [0, 11.5, 4, 12.5], "texture": "#0"},
				"south": {"uv": [4, 11.5, 8, 12.5], "texture": "#0"},
				"west": {"uv": [8, 11.5, 12, 12.5], "texture": "#0"},
				"up": {"uv": [4, 4, 0, 0], "texture": "#0"},
				"down": {"uv": [4, 4, 0, 8], "texture": "#0"}
			}
		},
		{
			"from": [3.5, 8.75, 8.5],
			"to": [12.5, 10.75, 12.5],
			"rotation": {"angle": 0, "axis": "y", "origin": [8, 11.5, 8]},
			"faces": {
				"north": {"uv": [8.5, 7, 13, 8], "texture": "#0"},
				"east": {"uv": [5.5, 12.5, 7.5, 13.5], "texture": "#0"},
				"south": {"uv": [8, 8.5, 12.5, 9.5], "texture": "#0"},
				"west": {"uv": [7.5, 12.5, 9.5, 13.5], "texture": "#0"},
				"up": {"uv": [12.5, 4.5, 8, 2.5], "texture": "#0"},
				"down": {"uv": [4.5, 8.5, 0, 10.5], "texture": "#0"}
			}
		},
		{
			"from": [3, 7.75, 8],
			"to": [10, 9.75, 13],
			"rotation": {"angle": 0, "axis": "y", "origin": [8, 11.5, 8]},
			"faces": {
				"north": {"uv": [12, 10.5, 15.5, 11.5], "texture": "#0"},
				"east": {"uv": [12.5, 1, 15, 2], "texture": "#0"},
				"south": {"uv": [12, 11.5, 15.5, 12.5], "texture": "#0"},
				"west": {"uv": [12.5, 2, 15, 3], "texture": "#0"},
				"up": {"uv": [8, 11, 4.5, 8.5], "texture": "#0"},
				"down": {"uv": [12, 4.5, 8.5, 7], "texture": "#0"}
			}
		},
		{
			"from": [3.5, 9.25, 3.5],
			"to": [12.5, 11.25, 8.5],
			"rotation": {"angle": 0, "axis": "y", "origin": [8, 10.5, 6]},
			"faces": {
				"north": {"uv": [8, 9.5, 12.5, 10.5], "texture": "#0"},
				"east": {"uv": [3, 12.5, 5.5, 13.5], "texture": "#0"},
				"south": {"uv": [0, 10.5, 4.5, 11.5], "texture": "#0"},
				"west": {"uv": [12.5, 3, 15, 4], "texture": "#0"},
				"up": {"uv": [8.5, 8.5, 4, 6], "texture": "#0"},
				"down": {"uv": [12.5, 0, 8, 2.5], "texture": "#0"}
			}
		},
		{
			"from": [5, 8.5, 3],
			"to": [13, 10.5, 9],
			"rotation": {"angle": 0, "axis": "y", "origin": [8, 10.5, 6]},
			"faces": {
				"north": {"uv": [12, 4.5, 16, 5.5], "texture": "#0"},
				"east": {"uv": [0, 12.5, 3, 13.5], "texture": "#0"},
				"south": {"uv": [12, 5.5, 16, 6.5], "texture": "#0"},
				"west": {"uv": [12.5, 0, 15.5, 1], "texture": "#0"},
				"up": {"uv": [8, 3, 4, 0], "texture": "#0"},
				"down": {"uv": [8, 3, 4, 6], "texture": "#0"}
			}
		},
		{
			"from": [7.5, 10.75, 7.5],
			"to": [8.5, 11.75, 8.5],
			"rotation": {"angle": 45, "axis": "y", "origin": [8, 11, 8]},
			"faces": {
				"north": {"uv": [0, 8, 0.5, 8.5], "texture": "#0"},
				"east": {"uv": [0.5, 8, 1, 8.5], "texture": "#0"},
				"south": {"uv": [1, 8, 1.5, 8.5], "texture": "#0"},
				"west": {"uv": [1.5, 8, 2, 8.5], "texture": "#0"},
				"up": {"uv": [2.5, 8.5, 2, 8], "texture": "#0"},
				"down": {"uv": [3, 8, 2.5, 8.5], "texture": "#0"}
			}
		}
	],
	"gui_light": "front",
	"display": {
		"thirdperson_righthand": {
			"rotation": [0, 0, -90],
			"translation": [-1.75, -2, -2.5],
			"scale": [0.75, 0.75, 0.75]
		},
		"thirdperson_lefthand": {
			"rotation": [0, 0, -90],
			"translation": [-1.75, -2, -2.5],
			"scale": [0.75, 0.75, 0.75]
		},
		"firstperson_righthand": {
			"rotation": [-5, -65, 13],
			"translation": [0.5, 0, -0.5],
			"scale": [0.75, 0.75, 0.75]
		},
		"firstperson_lefthand": {
			"rotation": [5, 104, -13],
			"translation": [0.5, 0, -0.5],
			"scale": [0.75, 0.75, 0.75]
		},
		"ground": {
			"scale": [0.75, 0.75, 0.75]
		},
		"gui": {
			"rotation": [21, 152, 0],
			"translation": [0, -1, 0],
			"scale": [1.1, 1.1, 1.1]
		},
		"head": {
			"rotation": [8, 0, 0],
			"translation": [0.25, 3.25, 0],
			"scale": [1.84, 1.84, 1.84]
		},
		"fixed": {
			"rotation": [-90, 0, 0],
			"translation": [0, 0, 1],
			"scale": [1.65, 1.65, 1.65]
		}
	},
	"groups": [
		{
			"name": "group",
			"origin": [12.2706, 8.65328, 8],
			"color": 0,
			"children": [0, 1, 2, 3, 4, 5]
		}
	]
}